StateProvinceID,StateProvinceCode,CountryRegionCode,IsOnlyStateProvinceFlag,Name,TerritoryID,rowguid,ModifiedDate
1,AB ,CA,False,Alberta,6,298C2880-AB1C-4982-A5AD-A36EB4BA0D34,2014-02-08 10:17:21.587
2,AK ,US,False,Alaska,1,5B7B8462-A888-4E0B-A3E1-7278F8AF107E,2014-02-08 10:17:21.587
3,AL ,US,False,Alabama,5,41B328BE-21AE-45D0-841D-6F8DD71CE626,2014-02-08 10:17:21.587
4,AR ,US,False,Arkansas,3,54656A80-06F2-4C70-BA10-247179FC246E,2014-02-08 10:17:21.587
5,AS ,AS,True,American Samoa,1,255D15E1-9F6E-4CF8-9E5F-6B3858AD9B6A,2014-02-08 10:17:21.587
6,AZ ,US,False,Arizona,4,FB8BE18E-F441-44F0-A4A9-1D0F204CB701,2014-02-08 10:17:21.587
7,BC ,CA,False,British Columbia,6,D27FCC6E-BB99-438B-BA86-285CEEB2FA53,2014-02-08 10:17:21.587
8,BY ,DE,False,Bayern,8,D54E5000-A0DA-46D1-86B0-B8FE16C9F781,2014-02-08 10:17:21.587
9,CA ,US,False,California,4,3B2FF23C-1C75-40AE-9093-F4EB42263F4E,2014-02-08 10:17:21.587
10,CO ,US,False,Colorado,3,292DF595-7D3C-41FB-A040-7C184D379FCE,2014-02-08 10:17:21.587
11,CT ,US,False,Connecticut,2,1E7BB47A-E16B-4968-86FA-45AF0211FA84,2014-02-08 10:17:21.587
12,DC ,US,False,District of Columbia,2,A1F3C57E-85B3-41E3-88E8-07244CF087DD,2014-02-08 10:17:21.587
13,DE ,US,False,Delaware,2,7A11AB1D-77C0-4021-9140-8E81F105618E,2014-02-08 10:17:21.587
14,ENG,GB,True,England,10,3E3CB3F8-44B9-44D9-A1C3-CBFB11E0A7DA,2014-02-08 10:17:21.587
15,FL ,US,False,Florida,5,EE8BA90D-B2C3-418E-93DF-20E33F095959,2014-02-08 10:17:21.587
16,FM ,FM,True,Micronesia,9,3202DA35-AED4-40E2-9EC4-27C17F420170,2014-02-08 10:17:21.587
17,GA ,US,False,Georgia,5,A6CA20D1-31AC-4771-8994-93DBBDCCE360,2014-02-08 10:17:21.587
18,GU ,US,False,Guam,4,92B5A04E-26EC-4EDB-8D14-E72E29B14411,2014-02-08 10:17:21.587
19,HE ,DE,False,Hessen,8,834FC3DF-B60D-4F94-95BD-AEF8A9FB74E8,2014-02-08 10:17:21.587
20,HH ,DE,False,Hamburg,8,1CC5A134-60D7-40C2-9269-CDA494214ABF,2014-02-08 10:17:21.587
21,HI ,US,False,Hawaii,1,09CDCCDC-B4B8-44EA-B04F-6EF521E3E720,2014-02-08 10:17:21.587
22,IA ,US,False,Iowa,3,956A6C02-7D2F-4C9D-B275-8D2C0EF8FD83,2014-02-08 10:17:21.587
23,ID ,US,False,Idaho,1,628E983A-33C7-4CB4-867F-274EF12B3597,2014-02-08 10:17:21.587
24,IL ,US,False,Illinois,3,1F9120CF-683A-4132-A12C-98997FADEB26,2014-02-08 10:17:21.587
25,IN ,US,False,Indiana,2,91F21EF0-C528-4310-BB29-6BA45AE75A17,2014-02-08 10:17:21.587
26,KS ,US,False,Kansas,3,4ECCC236-56E8-4FF7-B510-BF50E0966046,2014-02-08 10:17:21.587
27,KY ,US,False,Kentucky,5,810918BC-45DC-4E01-8544-B322A05EC94E,2014-02-08 10:17:21.587
28,LA ,US,False,Louisiana,3,4E2BC5A5-0C3E-421B-BE18-5D79B4A7C0D0,2014-02-08 10:17:21.587
29,LB ,CA,False,Labrador,6,9847C998-A7BF-4A66-BBAC-75939B092CC0,2014-02-08 10:17:21.587
30,MA ,US,False,Massachusetts,2,77D7E754-1B03-4BB3-A4D4-B1A6AC1C968E,2014-02-08 10:17:21.587
31,MB ,CA,False,Manitoba,6,0FF23B5D-1E18-40F8-A886-9960ED699049,2014-02-08 10:17:21.587
32,MD ,US,False,Maryland,2,B3D8517D-A857-41E7-A692-A1CB02A5F667,2014-02-08 10:17:21.587
33,ME ,US,False,Maine,2,B978A102-632B-4345-8918-E0E8F440FC3B,2014-02-08 10:17:21.587
34,MH ,MH,True,Marshall Islands,9,C5C5A615-E2DD-4FDF-A4A7-0613C6CCAE80,2014-02-08 10:17:21.587
35,MI ,US,False,Michigan,3,0CB0855B-783A-4701-9D45-597A919BFB23,2014-02-08 10:17:21.587
36,MN ,US,False,Minnesota,3,553C8DAA-4142-427C-B772-66BEDADEF372,2014-02-08 10:17:21.587
37,MO ,US,False,Missouri,3,FF5D76AE-0B45-4F32-96F7-AD5B7775E9EC,2014-02-08 10:17:21.587
38,MP ,MP,True,Northern Mariana Islands,9,ABEBD704-DB65-47F7-A778-528025F7E7F4,2014-02-08 10:17:21.587
39,MS ,US,False,Mississippi,5,D33F23C7-60BE-4D31-8028-814A6CCA7F37,2014-02-08 10:17:21.587
40,MT ,US,False,Montana,1,D4FF6E1A-A8E8-4379-A43C-746DBB0D6D13,2014-02-08 10:17:21.587
41,NB ,CA,False,Brunswick,6,C28C848F-AE86-4859-9E7E-0190D6C22700,2014-02-08 10:17:21.587
42,NC ,US,False,North Carolina,5,2C1C5211-3388-4DFF-B0FF-DB0B43E4A22D,2014-02-08 10:17:21.587
43,ND ,US,False,North Dakota,3,1551BEA8-4DEE-477D-858F-45FF7A2FB14F,2014-02-08 10:17:21.587
44,NE ,US,False,Nebraska,3,2DEA1C82-A684-4D7C-BEA2-4119D9D3AE60,2014-02-08 10:17:21.587
45,NF ,CA,False,Newfoundland,6,26D01B6D-3726-453F-B1F3-98A332EB3D8D,2014-02-08 10:17:21.587
46,NH ,US,False,New Hampshire,2,B30C26AE-62E3-499A-80A8-A167275BAEBD,2014-02-08 10:17:21.587
47,NJ ,US,False,New Jersey,2,7464D0B1-78A7-4F8A-B4CC-375900005F46,2014-02-08 10:17:21.587
48,NM ,US,False,New Mexico,4,11DEDA26-4733-497F-BAE3-7BED6B076600,2014-02-08 10:17:21.587
49,NS ,CA,False,Nova Scotia,6,ADF58BA5-269F-4C48-8C7D-6754E4667ACF,2014-02-08 10:17:21.587
50,NSW,AU,False,New South Wales,9,9910DD7E-A4C5-4599-86F5-9F581B53A92D,2014-02-08 10:17:21.587
51,NT ,CA,False,Northwest Territories,6,CCAAC582-EF30-492C-93CE-5F8B3452D531,2014-02-08 10:17:21.587
52,NV ,US,False,Nevada,1,50E0FBE0-50B7-40EB-A20B-AAAE85A680DD,2014-02-08 10:17:21.587
53,NW ,DE,False,Nordrhein-Westfalen,8,C385B296-FBB7-44E1-9DED-23B7FBA346F0,2014-02-08 10:17:21.587
54,NY ,US,False,New York,2,4F83E68D-4C26-4C53-A4B3-46B7F19C6498,2014-02-08 10:17:21.587
55,OH ,US,False,Ohio,2,6E1792B5-D021-47B1-98FC-9D60F46F3400,2014-02-08 10:17:21.587
56,OK ,US,False,Oklahoma,3,AA680EBA-B546-4718-8379-963DA0CEA86F,2014-02-08 10:17:21.587
57,ON ,CA,False,Ontario,6,5528E2CF-AE39-4F65-BD32-FA32C6FF96FA,2014-02-08 10:17:21.587
58,OR ,US,False,Oregon,1,17EBF52E-94C8-4E7B-9EF3-5B6236763B49,2014-02-08 10:17:21.587
59,PA ,US,False,Pennsylvania,2,9E1D834C-7076-4546-9F1B-1BD626037250,2014-02-08 10:17:21.587
60,PE ,CA,False,Prince Edward Island,6,8B3EC300-24F0-42AB-8DCF-60F45F007642,2014-02-08 10:17:21.587
61,PR ,US,False,Puerto Rico,5,71B87F6C-5C07-4B7F-8D8C-2C5310410579,2014-02-08 10:17:21.587
62,PW ,PW,True,Palau,9,EFCF1702-2358-40FC-BE8F-DF6D71A7D89A,2014-02-08 10:17:21.587
63,QC ,CA,False,Quebec,6,FF830158-3466-495F-BFCF-8A1B82A65355,2014-02-08 10:17:21.587
64,QLD,AU,False,Queensland,9,152658FA-AD59-4FA0-82A6-F76980F0183F,2014-02-08 10:17:21.587
65,RI ,US,False,Rhode Island,2,7FC72AB3-646D-475F-A708-544AF3636AA8,2014-02-08 10:17:21.587
66,SA ,AU,False,South Australia,9,DCAE37CD-FD8D-41FE-90ED-EDAD22B63DC8,2014-02-08 10:17:21.587
67,SC ,US,False,South Carolina,5,131CF47D-4F64-4A08-AFCB-0A1EE17A8534,2014-02-08 10:17:21.587
68,SD ,US,False,South Dakota,3,90AAD17F-451F-42A1-9CF8-EC65B0ACB34F,2014-02-08 10:17:21.587
69,SK ,CA,False,Saskatchewan,6,D44759BA-43E8-42E7-98FA-54B377C734FC,2014-02-08 10:17:21.587
70,SL ,DE,False,Saarland,8,F555DD9E-A190-4DC4-9433-7FE257AA6E82,2014-02-08 10:17:21.587
71,TAS,AU,False,Tasmania,9,2DB59B03-9F19-4D12-ACEF-974016827BE1,2014-02-08 10:17:21.587
72,TN ,US,False,Tennessee,5,D1B0F98F-514D-42B4-B84B-9C40A8A455D5,2014-02-08 10:17:21.587
73,TX ,US,False,Texas,4,99C542E0-5D3D-43A6-8D96-AF65A985D6E4,2014-02-08 10:17:21.587
74,UT ,US,False,Utah,1,FD66BE42-BFEF-4233-942B-E8D79A594AFA,2014-02-08 10:17:21.587
75,VA ,US,False,Virginia,5,990AA59C-838C-410F-A675-17EB861FA33F,2014-02-08 10:17:21.587
76,VI ,VI,True,Virgin Islands,5,14F593D3-1500-477D-AC6B-D41B3FAFBE5A,2014-02-08 10:17:21.587
77,VIC,AU,False,Victoria,9,6A683928-8F1F-4369-A64A-60979E216824,2014-02-08 10:17:21.587
78,VT ,US,False,Vermont,2,348687E4-7879-4D74-AFD7-C8511588CFA3,2014-02-08 10:17:21.587
79,WA ,US,False,Washington,1,16274DF0-6F05-43A6-BC18-AD171017A1EB,2014-02-08 10:17:21.587
80,WI ,US,False,Wisconsin,3,9D93821E-3ADD-42DE-BD51-81CFA94046FF,2014-02-08 10:17:21.587
81,WV ,US,False,West Virginia,5,C9CE898F-8E21-4FBF-A70A-06F32D543A18,2014-02-08 10:17:21.587
82,WY ,US,False,Wyoming,1,778951DC-0475-4054-8CAB-892C8A38174E,2014-02-08 10:17:21.587
83,YT ,CA,False,Yukon Territory,6,A01F5896-C4B1-4C2A-9F60-56470DD39F82,2014-02-08 10:17:21.587
84,FR ,FR,True,France,7,092C7063-901E-414B-BC61-0BF7919DA883,2008-04-30 00:00:00.000
85,BB ,DE,False,Brandenburg,8,DD386C06-2BEB-4F18-9A85-C066F1A47EA1,2008-04-30 00:00:00.000
86,SN ,DE,False,Saxony,8,C3E9D0D7-12E7-4395-AC37-11498A3C5E2D,2008-04-30 00:00:00.000
87,01 ,FR,False,Ain,7,F6F7985C-9132-46B5-8963-F99C9F3234DE,2008-04-30 00:00:00.000
88,02 ,FR,False,Aisne,7,1B30C5E7-9BB4-4546-9306-4600CA0E90CA,2008-04-30 00:00:00.000
89,03 ,FR,False,Allier,7,DD59673D-852A-4AAF-9B27-623F54477EC2,2008-04-30 00:00:00.000
90,04 ,FR,False,Alpes-de-Haute Provence,7,458480B4-E4AB-4015-B73A-1B7296F8B8B3,2008-04-30 00:00:00.000
91,05 ,FR,False,Alpes (Haute),7,0AF69922-9301-4E3E-8592-E7A268A27B7A,2008-04-30 00:00:00.000
92,06 ,FR,False,Alpes-Maritimes,7,1AAA549B-D0D0-4CFE-BE07-8F2858D44505,2008-04-30 00:00:00.000
93,07 ,FR,False,Ardèche,7,7C566B51-1E45-4BFF-98B7-34CB813DE6E1,2008-04-30 00:00:00.000
94,08 ,FR,False,Ardennes,7,91E9286B-E601-4F26-95E4-062865E515BF,2008-04-30 00:00:00.000
95,09 ,FR,False,Ariège,7,FE5A9442-417C-48C3-B582-ED40B7813C2C,2008-04-30 00:00:00.000
96,10 ,FR,False,Aube,7,519D0FB2-FFBF-4B4B-9112-58FEA32D84E6,2008-04-30 00:00:00.000
97,11 ,FR,False,Aude,7,B451CE92-B0F6-47FF-8769-050050432C9C,2008-04-30 00:00:00.000
98,12 ,FR,False,Aveyron,7,79CD2767-A7D9-4BD6-BEEC-D2CDF4DA0AF1,2008-04-30 00:00:00.000
99,13 ,FR,False,Bouches du Rhône,7,32519BD3-40C2-4976-8579-0F1A7D2D3DE4,2008-04-30 00:00:00.000
100,14 ,FR,False,Calvados,7,2BD91456-C8AE-4A5D-9270-A4A446ECCACB,2008-04-30 00:00:00.000
101,15 ,FR,False,Cantal,7,01CEC802-20CE-4F96-B475-2AD263CEA9D0,2008-04-30 00:00:00.000
102,16 ,FR,False,Charente,7,2659C871-80A6-4B8C-B70F-C797D0398BC4,2008-04-30 00:00:00.000
103,17 ,FR,False,Charente-Maritime,7,00723E00-C976-401D-A92B-E582DF3D6E01,2008-04-30 00:00:00.000
104,18 ,FR,False,Cher,7,6ADB6ECE-A89E-4B00-A886-90436ECD9B68,2008-04-30 00:00:00.000
105,19 ,FR,False,Corrèze,7,2363831B-B0BA-4976-92FA-1930817F66C4,2008-04-30 00:00:00.000
106,20 ,FR,False,Corse,7,B424959C-9400-492B-9B4C-9F478B77A02C,2008-04-30 00:00:00.000
107,21 ,FR,False,Côte d'Or,7,6E9C32D8-B47A-444E-818E-54ECCE0B779B,2008-04-30 00:00:00.000
108,22 ,FR,False,Côtes-d'Armor,7,A18C188B-64AC-44F6-9928-EB8FC2B924FD,2008-04-30 00:00:00.000
109,23 ,FR,False,Creuse,7,D745141E-8645-4309-ABAB-76A95A8B0A83,2008-04-30 00:00:00.000
110,24 ,FR,False,Dordogne,7,6EBA51C3-31D2-4376-A4E2-9121B048768F,2008-04-30 00:00:00.000
111,25 ,FR,False,Toubs,7,F0622EC9-4EB7-4019-9B08-FD2ED3F74B9B,2008-04-30 00:00:00.000
112,26 ,FR,False,Drôme,7,BE52295D-D7BD-4DC6-8862-82C0A03DBB30,2008-04-30 00:00:00.000
113,27 ,FR,False,Eure,7,8D04729D-75EF-410E-9D04-A95FA51B4B02,2008-04-30 00:00:00.000
114,28 ,FR,False,Eure et Loir,7,51CC8B1D-A2A1-440B-8105-BF0E6C74D213,2008-04-30 00:00:00.000
115,29 ,FR,False,Finistère,7,F35691E8-878A-4B62-90D8-3DE2FB7FAE1E,2008-04-30 00:00:00.000
116,30 ,FR,False,Gard,7,486709B6-66CA-4778-8DDE-13783AF7F08B,2008-04-30 00:00:00.000
117,31 ,FR,False,Garonne (Haute),7,D1C5AF23-8E71-4320-845F-D324D2D83011,2008-04-30 00:00:00.000
118,32 ,FR,False,Gers,7,1E387594-EF10-401A-820E-58CC44C71D0C,2008-04-30 00:00:00.000
119,33 ,FR,False,Gironde,7,90B73724-A580-44A6-A1CE-54F98235B83B,2008-04-30 00:00:00.000
120,34 ,FR,False,Hérault,7,AB4408A6-1ACB-4AF4-9B1E-217636D7F3CA,2008-04-30 00:00:00.000
121,35 ,FR,False,Ille et Vilaine,7,DAF07757-B0B3-49E9-AD2A-CB659ED2B2B4,2008-04-30 00:00:00.000
122,36 ,FR,False,Indre,7,AA7107A6-C155-491D-9DF3-48CF033AF366,2008-04-30 00:00:00.000
123,37 ,FR,False,Indre et Loire,7,E8B02FCC-964E-4FDC-AB7E-287F4DF5142B,2008-04-30 00:00:00.000
124,38 ,FR,False,Isère,7,9C594BA5-1A5B-4B65-8EBE-85BF850FE27B,2008-04-30 00:00:00.000
125,39 ,FR,False,Jura,7,2D5E0BDE-F3C4-4887-B89F-DCA00BAB9D63,2008-04-30 00:00:00.000
126,40 ,FR,False,Landes,7,95827758-97C8-4058-B5A5-AFEDFAF4F70F,2008-04-30 00:00:00.000
127,41 ,FR,False,Loir et Cher,7,17EC707A-33F7-4261-86CB-9641C2927172,2008-04-30 00:00:00.000
128,42 ,FR,False,Loire,7,58B4525B-5306-4390-9EE9-48E2D9502C02,2008-04-30 00:00:00.000
129,43 ,FR,False,Loire (Haute),7,F18BA5B9-2168-4872-9C80-E7F097AB88E0,2008-04-30 00:00:00.000
130,44 ,FR,False,Loire Atlantique,7,A87B21F6-4C5C-4735-8615-BBA99A16ACE2,2008-04-30 00:00:00.000
131,45 ,FR,False,Loiret,7,CC67B8C0-BAB9-4978-8B61-FA985AE094E1,2008-04-30 00:00:00.000
132,46 ,FR,False,Lot,7,FE593326-B0F0-433D-A060-7AA2D37D9CEA,2008-04-30 00:00:00.000
133,47 ,FR,False,Lot et Garonne,7,4FF85D44-E027-4341-A3B2-B9BA564547F8,2008-04-30 00:00:00.000
134,48 ,FR,False,Lozère,7,B862BBAB-AEF6-4C4D-881F-4207254983C7,2008-04-30 00:00:00.000
135,49 ,FR,False,Maine et Loire,7,EF2487E7-0965-4ABE-A06C-84CEF8964386,2008-04-30 00:00:00.000
136,50 ,FR,False,Manche,7,8139979C-2881-4668-9A8E-A45154F809EA,2008-04-30 00:00:00.000
137,51 ,FR,False,Marne,7,41B9CB24-50B3-43F7-9E0E-79D901BD45D0,2008-04-30 00:00:00.000
138,52 ,FR,False,Marne (Haute),7,BABCE9D8-A133-4195-875F-1E65E48844C9,2008-04-30 00:00:00.000
139,53 ,FR,False,Mayenne,7,59593A57-5319-43B4-AD3B-78ABCB6C12F2,2008-04-30 00:00:00.000
140,54 ,FR,False,Meurthe et Moselle,7,8CE54442-ACF1-404D-AE17-540E4DA781AF,2008-04-30 00:00:00.000
141,55 ,FR,False,Meuse,7,CA5ED35C-0542-43ED-8F15-A5E1C9C9AB90,2008-04-30 00:00:00.000
142,56 ,FR,False,Morbihan,7,A1B147FE-14C8-4CB2-9902-C437FF44CE7B,2008-04-30 00:00:00.000
143,57 ,FR,False,Moselle,7,23EC96B5-21EE-4769-BE59-812EAE26A216,2008-04-30 00:00:00.000
144,58 ,FR,False,Nièvre,7,C6088B46-64B3-492C-A4CD-F81B93F351A1,2008-04-30 00:00:00.000
145,59 ,FR,False,Nord,7,70943DE7-D74A-4DE7-8DCF-3FEA66EFCFDB,2008-04-30 00:00:00.000
146,60 ,FR,False,Oise,7,E15A21BC-1BDB-413E-93FB-0A81D6869068,2008-04-30 00:00:00.000
147,61 ,FR,False,Orne,7,24753BB2-E1F6-4D1F-B659-81F2AD4A9458,2008-04-30 00:00:00.000
148,62 ,FR,False,Pas de Calais,7,72450195-ED1E-4A21-8CC5-5AAC8EB9327A,2008-04-30 00:00:00.000
149,63 ,FR,False,Puy de Dôme,7,E222D130-0D35-4C6A-9A98-024A758FC677,2008-04-30 00:00:00.000
150,64 ,FR,False,Pyrénées Atlantiques,7,F3B411D2-9E8C-4D53-AB5B-06016A44356B,2008-04-30 00:00:00.000
151,65 ,FR,False,Pyrénées (Hautes),7,B5DCA57F-0714-4F42-81AF-0C5C9ECA01F9,2008-04-30 00:00:00.000
152,66 ,FR,False,Pyrénées Orientales,7,0374FD8E-3A19-4A9B-BB9E-DB5871503AFE,2008-04-30 00:00:00.000
153,67 ,FR,False,Rhin (Bas),7,196859B3-40C3-4D54-ABBD-EF6AA8386DF9,2008-04-30 00:00:00.000
154,68 ,FR,False,Rhin (Haut),7,1192F8BF-CCA6-4CE2-BD08-2DD6E80B6CF6,2008-04-30 00:00:00.000
155,69 ,FR,False,Rhône,7,D4F170D0-FF06-4A97-8DE3-9F377272AA74,2008-04-30 00:00:00.000
156,70 ,FR,False,Saône (Haute),7,546FEB94-3737-4698-BA0D-DC051C088939,2008-04-30 00:00:00.000
157,71 ,FR,False,Saône et Loire,7,5D86860E-614E-4940-9CC4-549077196D5A,2008-04-30 00:00:00.000
158,72 ,FR,False,Sarthe,7,0E32D0E5-E9C9-404D-B500-180BEC6637D8,2008-04-30 00:00:00.000
159,73 ,FR,False,Savoie,7,F8931EDE-4941-420B-8D87-11C8514BC080,2008-04-30 00:00:00.000
160,74 ,FR,False,Savoie Haute,7,126AB534-FF0B-474E-AEFE-1CAA53C9C3A2,2008-04-30 00:00:00.000
161,75 ,FR,False,Seine (Paris),7,E117A6FC-24B9-438B-86FF-8455107F4E9F,2008-04-30 00:00:00.000
162,76 ,FR,False,Seine Maritime,7,46070A8D-2B94-4A05-A29B-189F7FFA7C56,2008-04-30 00:00:00.000
163,77 ,FR,False,Seine et Marne,7,FD1511DB-0A30-4B14-B60E-D2247473415E,2008-04-30 00:00:00.000
164,78 ,FR,False,Yveline,7,A111EB2E-3217-485A-A510-673C0843C615,2008-04-30 00:00:00.000
165,79 ,FR,False,Sèvres (Deux),7,38E0A3D9-E813-454C-BE54-6F019D687ECB,2008-04-30 00:00:00.000
166,80 ,FR,False,Somme,7,8366DE5D-5615-4168-9104-4379F9E59090,2008-04-30 00:00:00.000
167,81 ,FR,False,Tarne,7,406B4FD5-E4A8-4DB7-838B-8A33A617F242,2008-04-30 00:00:00.000
168,82 ,FR,False,Tarne et Garonne,7,544F6F15-6359-45CA-B271-2A310E6CF151,2008-04-30 00:00:00.000
169,83 ,FR,False,Var,7,08A673DC-6056-45B2-903C-976E8B6BD0B9,2008-04-30 00:00:00.000
170,84 ,FR,False,Vaucluse,7,29691831-ACED-46F8-BAD2-A8C914B4F9F4,2008-04-30 00:00:00.000
171,85 ,FR,False,La Vendée,7,2A5A84C2-30B0-4791-8DA1-25E3DDE497D8,2008-04-30 00:00:00.000
172,86 ,FR,False,Vienne,7,78A90D81-396C-431A-AA14-0751F2644B25,2008-04-30 00:00:00.000
173,87 ,FR,False,Vienne (Haute),7,AB61F91C-50E3-45C3-A9D2-140940CECBF0,2008-04-30 00:00:00.000
174,88 ,FR,False,Vosges,7,5A5CB4C2-72A1-40B7-A779-5A36B76E3942,2008-04-30 00:00:00.000
175,89 ,FR,False,Yonne,7,3F8DE296-BEE5-4980-B81F-EBFCC1B16790,2008-04-30 00:00:00.000
176,90 ,FR,False,Belford (Territoire de),7,76ADCAAA-4EB2-4AD8-893B-EF9F3CB5C6FB,2008-04-30 00:00:00.000
177,91 ,FR,False,Essonne,7,35894A81-C267-4511-A706-99EA2C08181F,2008-04-30 00:00:00.000
178,92 ,FR,False,Hauts de Seine,7,F8FD6D62-A913-4F10-9E42-D348EDA02BD9,2008-04-30 00:00:00.000
179,93 ,FR,False,Seine Saint Denis,7,466C15BC-46EC-427D-99DB-98C380634527,2008-04-30 00:00:00.000
180,94 ,FR,False,Val de Marne,7,FE0A2A02-FE1D-4B79-B970-167EC7F724FC,2008-04-30 00:00:00.000
181,95 ,FR,False,Val d'Oise,7,E7580D97-910B-42B4-B4E2-72C8733889E0,2008-04-30 00:00:00.000
