BusinessEntityID,AccountNumber,Name,CreditRating,PreferredVendorStatus,ActiveFlag,PurchasingWebServiceURL,ModifiedDate
1492,AUSTRALI0001,Australia Bike Retailer,1,True,True,,2011-12-23
1494,ALLENSON0001,Allenson Cycles,2,True,True,,2011-04-25
1496,ADVANCED0001,Advanced Bicycles,1,True,True,,2011-04-25
1498,TRIKES0001,"Trikes, Inc.",2,True,True,,2012-02-03
1500,MORGANB0001,Morgan Bike Accessories,1,True,True,,2012-02-02
1502,CYCLING0001,Cycling Master,1,True,True,,2011-12-24
1504,CHICAGO0002,Chicago Rent-All,2,True,True,,2011-12-24
1506,GREENWOO0001,Greenwood Athletic Company,1,True,True,,2012-01-25
1508,COMPETE0001,"Compete Enterprises, Inc",1,True,True,,2011-12-24
1510,INTERNAT0001,International,1,True,True,,2012-01-25
1512,LIGHTSP0001,Light Speed,1,True,True,,2011-12-23
1514,TRAINING0001,Training Systems,1,True,True,,2012-02-03
1516,GARDNER0001,Gardner Touring Cycles,1,False,False,,2012-01-25
1518,INTERNAT0004,International Trek Center,1,True,True,,2011-12-24
1520,G&KBI0001,G & K Bicycle Corp.,1,True,True,,2011-12-24
1522,FIRSTNA0001,First National Sport Co.,1,True,True,,2012-01-25
1524,RECREATI0001,Recreation Place,4,True,True,,2012-02-02
1526,INTERNAT0002,International Bicycles,1,True,True,,2012-01-25
1528,IMAGEMA0001,Image Makers Bike Center,1,True,True,,2012-02-03
1530,COMFORT0001,Comfort Road Bicycles,1,True,True,,2011-12-24
1532,KNOPFLER0001,Knopfler Cycles,1,True,True,,2012-01-29
1534,READYRE0001,Ready Rentals,1,True,True,,2012-02-02
1536,CRUGERB0001,Cruger Bike Company,1,True,True,,2012-01-17
1538,VISTARO0001,Vista Road Bikes,3,True,True,,2012-02-18
1540,BERGERON0001,Bergeron Off-Roads,1,True,True,,2011-12-23
1542,HILLSBI0001,Hill's Bicycle Service,1,True,True,,2012-01-25
1544,CIRCUIT0001,Circuit Cycles,1,False,False,,2011-12-24
1546,GREENLA0001,Green Lake Bike Company,1,True,True,,2012-01-29
1548,CONSUMER0001,Consumer Cycles,3,True,True,,2011-12-24
1550,MERITBI0001,Merit Bikes,5,True,True,,2012-02-03
1552,SPORTSH0001,Sports House,1,True,True,,2012-01-25
1554,WESTAMER0001,WestAmerica Bicycle Co.,1,False,True,,2012-02-18
1556,WESTJUN0001,West Junction Cycles,1,True,True,,2012-02-18
1558,MARSH0001,Marsh,1,True,True,,2012-02-03
1560,CAPITAL0001,Capital Road Cycles,1,True,True,,2011-12-24
1562,NORSTAN0001,Norstan Bike Hut,1,True,True,,2012-02-02
1564,ILLINOIS0001,Illinois Trek & Clothing,1,True,True,,2011-12-23
1566,BURNETT0001,Burnett Road Warriors,1,True,True,,2011-12-23
1568,CUSTOMF0001,"Custom Frames, Inc.",2,True,True,,2012-01-17
1570,FIRSTRA0001,First Rate Bicycles,1,True,True,,2012-01-25
1572,NATIONAL0001,National Bike Association,1,True,True,,2012-02-02
1574,JEFFSSP0001,Jeff's Sporting Goods,1,True,True,,2011-12-24
1576,SUPERIOR0001,Superior Bicycles,1,True,True,,2012-02-03
1578,VISIONC0001,"Vision Cycles, Inc.",1,False,True,,2012-02-18
1580,LITWARE0001,"Litware, Inc.",1,True,True,www.litwareinc.com/,2011-04-25
1582,INNERCI0001,Inner City Bikes,3,True,True,,2012-01-25
1584,TREYRE0001,Trey Research,3,True,True,www.treyresearch.net/,2012-01-25
1586,MITCHELL0001,Mitchell Sports,1,True,True,,2012-02-02
1588,SIGNATUR0001,Signature Cycles,2,True,True,,2012-02-02
1590,SUPERSAL0001,SUPERSALES INC.,1,True,True,,2012-02-03
1592,LINDELL0001,Lindell,1,True,True,,2012-01-29
1594,FITNESS0001,Fitness Association,1,True,True,,2012-02-03
1596,ADATUM0001,A. Datum Corporation,1,True,True,www.adatum.com/,2011-12-24
1598,CONTINEN0001,Continental Pro Cycles,3,True,True,,2011-12-24
1600,FEDERAL0001,Federal Sport,3,True,True,,2012-01-25
1602,BEAUMONT0001,Beaumont Bikes,1,False,True,,2011-12-23
1604,BIKESAT0001,Bike Satellite Inc.,1,False,True,,2011-12-23
1606,NORTHW0001,Northwind Traders,1,True,True,www.northwindtraders.com/,2012-01-25
1608,SPORTPL0001,Sport Playground,1,True,True,,2012-02-02
1610,HYBRIDB0001,Hybrid Bicycle Center,1,True,True,,2012-01-25
1612,MIDWEST0001,"Midwest Sport, Inc.",1,True,True,,2012-02-02
1614,RELIANCE0001,"Reliance Fitness, Inc.",2,False,False,,2012-02-02
1616,AURORAB0001,Aurora Bike Center,1,True,True,,2011-05-09
1618,METROSP0001,Metro Sport Equipment,1,True,True,,2012-01-29
1620,LAKEWOOD0001,Lakewood Bicycle,1,True,True,,2012-01-29
1622,SPEEDCO0001,Speed Corporation,1,True,True,,2012-02-02
1624,COMPETIT0001,Competition Bike Training Systems,1,True,True,,2011-12-24
1626,HILLBIC0001,Hill Bicycle Center,1,True,True,,2012-01-25
1628,BICYCLE0001,Bicycle Specialists,1,True,True,,2011-12-23
1630,INDIANA0001,Indiana Bicycle Center,1,True,True,,2012-02-02
1632,SPORTFA0001,Sport Fan Co.,1,True,True,,2012-02-02
1634,GMASKI0001,GMA Ski & Bike,1,True,True,,2011-05-09
1636,INTEGRAT0001,Integrated Sport Products,1,True,True,,2012-01-17
1638,INLINEA0001,Inline Accessories,1,True,True,,2012-01-25
1640,LEGENDC0001,Legend Cycles,1,True,True,,2012-02-02
1642,ELECTRON0001,Electronic Bike Co.,1,True,True,,2012-02-02
1644,INTERNAT0003,International Sport Assoc.,1,True,True,,2012-01-25
1646,ELECTRON0002,Electronic Bike Repair & Supplies,1,True,True,,2012-01-17
1648,WIDEWOR0001,Wide World Importers,2,True,True,www.wideworldimporters.com/,2012-01-17
1650,AMERICAN0001,American Bicycles and Wheels,1,True,True,,2011-04-25
1652,VICTORY0001,Victory Bikes,5,True,True,,2012-02-18
1654,AMERICAN0002,American Bikes,1,True,True,,2011-05-09
1656,MOUNTAIN0001,Mountain Works,1,False,True,,2012-02-02
1658,CROWLEY0001,Crowley Sport,1,True,True,,2011-12-24
1660,MAGICCY0001,Magic Cycles,1,True,True,,2012-01-25
1662,NORTHERN0001,Northern Bike Travel,3,True,True,,2012-02-02
1664,ANDERSON0001,Anderson's Custom Bikes,1,True,True,,2011-05-09
1666,LEAFRIV0001,Leaf River Terrain,1,False,True,,2012-01-29
1668,TOURING0001,Touring Equipment Center,1,True,True,,2012-02-03
1670,HOLIDAY0001,Holiday Skate & Cycle,1,True,True,,2012-02-03
1672,EXPERTB0001,Expert Bike Co,1,True,True,,2012-01-25
1674,VARSITY0001,Varsity Sport Co.,1,True,True,,2012-02-18
1676,TEAMATH0001,Team Athletic Co.,1,True,True,,2012-02-03
1678,PROSE0001,"Proseware, Inc.",4,False,False,www.proseware.com/,2011-05-09
1680,JACKSON0001,Jackson Authority,1,True,True,,2012-01-25
1682,PREMIER0001,"Premier Sport, Inc.",1,True,True,,2012-02-02
1684,PROFESSI0001,Professional Athletic Consultants,1,True,True,,2012-02-02
1686,PROSPOR0001,Pro Sport Industries,1,False,True,,2012-02-02
1688,WOODFIT0001,Wood Fitness,1,True,True,,2012-02-18
1690,BLOOMING0001,Bloomington Multisport,1,True,True,,2011-12-23
1692,CARLSON0001,Carlson Specialties,2,True,True,,2011-12-24
1694,COMPETE0002,"Compete, Inc.",1,True,True,,2011-12-24
1696,CHICAGO0001,Chicago City Saddles,1,True,True,,2011-12-24
1698,BUSINESS0001,Business Equipment Center,2,True,True,,2011-12-23
